give,age,sex,educ,income,trust
0,23,1,2,6000,2.23
150,37,2,1,30000,1.85
0,45,1,2,66000,1.15
300,32,2,1,42000,2.85
920,69,1,1,36000,1.98
300,60,2,1,54000,2.23
10,52,2,1,54000,1.54
0,49,1,2,6000,2.28
0,32,2,1,6000,2.77
250,30,1,2,66000,2.23
0,36,2,1,6000,1.92
877,87,2,2,36000,2.54
2510,65,1,1,18000,2.85
175,62,1,2,42000,3.77
0,78,2,1,24000,2.36
0,21,1,1,24000,2.15
0,21,2,1,54000,2.31
0,22,1,1,30000,2
0,60,1,1,30000,1.77
1200,73,2,1,48000,1.85
700,65,2,1,24000,2.38
0,46,2,1,30000,1.77
0,62,1,1,18000,2
50,70,2,1,6000,2.92
70,52,1,1,30000,1.38
0,26,2,1,6000,2.38
370,49,1,2,66000,2.85
120,61,2,2,66000,1.92
125,29,1,1,24000,2.08
110,26,1,1,36000,2.08
100,95,2,2,30000,2.38
1700,60,1,1,66000,2.62
225,51,1,1,24000,3
60,31,1,1,36000,2.49
760,64,2,1,36000,3.31
680,42,2,2,48000,2.85
600,74,1,1,42000,2.69
0,27,2,1,12000,2
0,33,2,1,54000,1.77
50,42,1,1,30000,2.15
0,65,2,1,36000,1.75
3750,43,2,2,42000,2.55
0,49,1,2,36000,1.85
400,50,1,1,36000,1.66
555,33,1,1,36000,1.86
5450,56,1,1,60000,2.21
0,18,2,1,66000,3
100,40,1,2,60000,2.38
1000,37,2,1,36000,2.85
150,43,2,2,42000,2.38
0,29,2,1,48000,2.38
1800,60,1,2,60000,2.38
490,38,2,2,36000,2.23
0,33,2,1,12000,2.54
0,36,2,1,54000,2
105,29,2,1,18000,2.77
40,38,2,1,60000,2.77
350,48,2,1,30000,2.29
350,74,2,1,24000,1.91
1300,50,2,1,66000,2.62
2000,46,2,1,48000,2.18
1000,58,1,1,42000,1.67
0,67,1,1,6000,1.95
60,39,2,1,24000,2.15
0,29,1,1,36000,2
3100,59,1,1,36000,2.62
65,63,1,2,54000,1.92
0,42,1,1,54000,2
0,31,2,2,72000,2.47
0,28,1,1,54000,2
1300,76,1,1,30000,1.77
500,76,1,1,42000,2.21
575,65,2,1,48000,2.77
0,85,2,1,6000,2.08
50,82,1,1,6000,1.98
0,31,1,1,72000,2.38
20,21,2,1,48000,2.38
0,31,2,2,48000,2.09
0,24,2,1,6000,2.77
245,52,2,2,48000,2.54
0,34,1,1,54000,2.15
250,44,2,1,60000,1.62
100,79,1,1,18000,1.79
900,39,1,1,60000,2.32
0,63,2,1,36000,2.31
175,36,2,1,72000,2.44
80,58,2,1,6000,2.92
350,47,1,1,60000,3.08
125,78,1,1,12000,2.01
40,24,1,1,6000,3.43
0,18,1,1,66000,3.08
0,29,1,1,66000,1.77
650,57,1,2,60000,2.46
2400,41,2,1,60000,2.92
0,19,2,1,60000,4
1200,27,2,1,66000,3.38
700,65,1,1,18000,1.8
0,36,1,1,54000,2.54
125,66,1,2,42000,1.92
700,70,2,1,42000,2.23
10,19,1,1,6000,3.17
175,54,2,1,30000,2.54
0,38,1,1,12000,2.38
1000,66,1,1,66000,1.85
0,62,1,1,42000,1.23
200,61,1,1,6000,2.15
0,40,1,1,18000,3.23
0,57,2,1,12000,2.38
0,62,2,1,42000,2.92
0,67,2,1,18000,2.1
6600,57,2,1,66000,2.86
1200,57,2,1,60000,2.23
15,59,1,1,54000,2.15
0,25,1,1,18000,2.22
550,38,2,1,42000,1.54
185,33,2,1,78000,2.15
55,43,2,1,54000,2
200,59,1,2,60000,3
640,40,1,1,60000,1.92
0,21,2,1,42000,2.54
330,68,2,1,30000,2.38
300,38,1,1,54000,2.15
200,25,1,1,42000,2
0,44,1,2,42000,1.99
2000,67,2,2,18000,1.92
530,51,2,1,72000,3.66
1500,39,1,2,54000,1.89
50,30,2,1,54000,2.31
0,30,1,1,42000,3
0,77,1,1,12000,1.88
150,63,2,1,60000,2.08
725,53,2,2,66000,2.15
0,34,2,1,48000,2.34
50,44,2,1,30000,2.23
0,28,1,1,42000,1.69
50,50,2,1,24000,1.85
0,57,1,1,30000,2.62
25,44,1,1,30000,2.15
110,65,1,1,30000,2.77
0,68,1,1,30000,2.85
500,28,2,1,48000,3
0,32,1,1,54000,2.46
5020,33,1,2,60000,2.31
3010,55,2,1,54000,2.62
1600,60,1,1,42000,2.23
0,57,2,1,42000,2.54
170,41,2,1,42000,2.54
0,35,1,1,30000,2.62
0,39,2,1,6000,4
0,29,1,1,6000,2.31
0,31,2,1,6000,2.92
0,62,1,1,24000,3.23
1250,70,1,1,18000,2.54
50,68,2,1,6000,2.32
0,25,1,1,12000,2.31
0,20,2,1,36000,2.38
5,27,1,1,30000,2.69
370,52,1,2,72000,2.4
535,50,2,2,78000,2.46
2000,45,1,1,42000,1.87
1800,40,1,1,30000,1.66
0,37,1,1,24000,2.08
3150,70,1,2,66000,2.69
0,58,2,1,6000,1.31
3220,39,2,1,42000,2.03
0,85,2,1,42000,2.31
0,34,1,1,18000,1.77
0,31,2,1,42000,3.23
1903,44,2,2,66000,2.69
220,60,1,2,66000,2.08
0,57,2,1,60000,2.38
4200,71,1,1,36000,2.47
0,52,1,2,60000,2.38
3615,67,2,1,60000,2.78
760,40,2,2,66000,2.38
150,34,2,1,42000,2.7
315,32,1,1,36000,1.54
100,23,2,1,12000,2.15
310,42,2,1,42000,3.46
300,37,2,1,48000,2.85
370,32,1,1,30000,3.46
75,26,1,1,42000,4
300,50,2,1,30000,3.15
3515,54,2,1,12000,2.91
0,48,2,1,24000,2.31
800,31,1,1,36000,2.38
0,21,1,1,30000,3
170,46,1,1,54000,1.92
350,38,2,1,72000,2.38
70,41,1,1,30000,2.54
25,24,2,1,36000,2.31
50,29,2,1,30000,2.46
200,45,1,1,42000,2.21
25,50,2,2,54000,1.69
1250,41,1,2,36000,1.92
0,51,1,1,66000,2.23
0,45,2,2,72000,2.19
0,39,1,1,30000,2.23
0,21,1,1,6000,2.31
200,51,1,1,72000,3
0,34,2,1,18000,2.08
50,40,1,1,18000,2.54
235,47,2,1,48000,2.11
370,45,2,2,72000,2.27
220,24,2,2,24000,2.38
2030,37,2,1,42000,2.69
100,67,2,1,12000,2.08
50,33,1,1,12000,2.15
45,76,1,1,18000,2.54
7,33,2,1,42000,1.69
310,23,1,2,48000,2.92
650,36,1,2,48000,2.08
1950,28,2,1,48000,3.54
0,71,1,1,54000,3.31
1050,81,2,1,6000,2.02
0,75,2,1,18000,2.69
1000,68,1,1,72000,2.42
255,76,2,1,42000,2.77
0,66,1,1,72000,1.77
830,62,1,1,66000,2.77
230,62,2,1,6000,2.15
625,38,2,1,78000,2.85
0,61,2,1,78000,3.31
100,34,1,1,42000,1.85
1040,27,2,1,36000,2.08
55,53,1,1,24000,2
0,92,1,1,6000,2.32
1500,32,1,1,42000,3
100,54,2,1,54000,1.62
25,32,1,1,48000,2.92
100,58,2,1,6000,2.85
2285,55,2,2,60000,2.77
810,30,2,1,66000,1.77
180,78,2,1,18000,3.77
3350,37,1,1,66000,1.85
11475,27,1,1,78000,1.92
800,41,1,2,54000,2.08
1100,78,1,1,24000,1.62
3500,37,2,2,54000,1.85
68,73,2,1,18000,2.08
800,40,1,1,48000,2.6
0,51,1,1,78000,2
300,65,1,1,30000,2.23
0,24,1,1,18000,2.31
0,39,2,1,18000,2.21
0,62,2,1,12000,2.28
300,39,1,1,30000,3.15
0,33,2,1,42000,1.43
0,46,1,1,12000,2.92
0,44,1,1,24000,2.36
0,23,1,2,18000,2.62
1850,29,2,2,54000,2.55
260,65,2,1,30000,1.63
2300,37,1,2,60000,2.38
0,41,2,1,24000,2
800,44,1,1,60000,1.92
0,31,2,1,30000,2.12
0,60,1,1,42000,1.85
0,33,1,1,36000,2.32
250,55,2,1,48000,1.46
0,76,2,1,42000,1.46
208,78,2,1,6000,2.08
3450,41,1,1,48000,2.69
0,52,2,1,72000,2.15
0,57,2,1,30000,1.08
100,77,1,1,18000,2.69
0,27,1,1,6000,2.06
565,37,1,1,54000,2.21
3800,44,1,2,78000,2.54
3200,61,1,2,48000,1.62
0,22,1,2,18000,1.85
535,57,2,1,42000,1.46
425,36,1,2,60000,2.36
300,49,2,1,42000,2.15
20,26,1,2,54000,2.46
150,28,2,1,36000,2.23
5,25,2,2,18000,2.12
0,47,1,1,24000,2.23
0,29,1,1,24000,2.69
0,31,2,1,36000,3.08
0,54,1,1,60000,1.85
1160,38,2,2,66000,2.31
340,49,1,2,66000,2.18
1425,36,2,2,48000,2.09
0,26,1,1,36000,2.77
0,60,1,1,54000,1.58
0,70,1,1,36000,1.69
5100,59,2,1,54000,2.08
135,25,2,1,18000,1.69
150,30,2,2,78000,2.15
200,79,2,1,12000,2.04
640,27,1,1,60000,1.87
120,29,1,1,72000,2.46
75,81,2,1,6000,2.28
0,36,1,1,18000,1.95
20,79,1,1,6000,2.31
0,27,1,1,12000,2.23
30,78,2,1,6000,2.78
0,35,1,1,12000,1.89
0,28,1,1,12000,1.65
0,52,2,1,54000,1.77
30,21,2,1,66000,2.46
100,58,2,1,66000,2
2500,44,1,1,60000,2.23
2700,34,2,1,30000,1.48
150,60,2,1,12000,1.85
0,21,2,1,36000,2
0,62,2,1,24000,2.08
100,72,2,1,18000,2.62
0,40,1,1,48000,1.46
660,63,1,1,48000,1.54
0,30,1,1,42000,1.92
1100,39,1,1,60000,2.69
765,46,1,1,60000,2.08
30,64,2,1,12000,2.54
0,32,1,1,54000,2.62
5500,37,1,2,60000,2.64
4450,40,2,2,78000,2.08
255,36,2,1,30000,2
2575,51,1,2,60000,2.92
0,85,2,1,18000,2.62
0,46,2,1,30000,2.15
850,36,1,2,42000,2
315,36,2,2,60000,2
0,49,2,1,6000,2.69
0,26,2,1,12000,3.54
0,39,1,1,6000,4
0,35,1,1,24000,3
0,35,1,2,12000,2.31
0,64,2,1,6000,1.45
265,45,2,1,6000,3.46
975,43,1,2,66000,1.39
0,58,2,1,12000,1.73
0,42,1,1,48000,2.02
0,42,1,1,78000,2.33
600,57,2,1,48000,3
360,64,2,1,36000,2
60,31,1,1,54000,2.46
1300,71,2,1,18000,2.85
4300,44,2,1,78000,3
135,76,2,1,36000,2.26
1000,25,2,1,24000,2.38
410,79,1,1,12000,2.16
0,76,1,1,6000,2.04
85,33,2,1,24000,3.54
0,78,1,1,30000,2
450,54,1,2,36000,1.93
100,30,1,1,18000,1.92
1000,40,1,2,66000,2.62
100,38,1,2,48000,2.58
33,29,2,2,48000,2.4
0,50,2,2,66000,2.92
90,48,1,1,72000,1.92
1025,46,1,1,60000,2.46
1500,47,2,2,66000,1.85
2600,63,2,1,42000,2
100,39,1,2,66000,2.31
0,40,2,1,72000,1.69
0,66,2,1,18000,2.77
2700,72,1,1,60000,2.3
200,72,2,1,48000,2.23
52,29,1,1,60000,2.19
104,45,1,1,48000,1.62
0,54,2,1,36000,2.69
1500,32,2,1,72000,2
4200,42,2,2,78000,2.77
445,35,1,2,78000,2.62
0,40,1,2,72000,1
270,40,2,2,66000,1.54
675,40,1,2,72000,2.08
6800,42,1,2,78000,3
118,54,1,1,12000,2
0,38,1,2,72000,2.31
3600,36,2,1,54000,2.38
15,22,2,1,18000,3
120,44,2,1,42000,3.46
0,25,2,1,24000,3
50,42,1,2,48000,3
0,76,2,1,18000,2.23
95,23,2,1,30000,2.77
1400,33,1,1,66000,2.23
0,24,1,1,24000,1.31
10,85,2,1,12000,2.22
475,45,2,1,36000,3.23
0,30,2,1,12000,2.31
40,19,2,1,36000,2.23
185,29,2,1,18000,3.46
0,38,2,1,6000,3.23
0,27,2,1,36000,2.54
160,25,1,1,54000,1.92
100,30,1,2,66000,1.92
0,26,1,2,36000,3.23
0,37,1,1,42000,1.15
2750,62,2,2,54000,3.23
130,78,1,1,48000,3
20,27,2,1,36000,2.77
155,74,2,1,18000,2.95
65,35,1,1,30000,3.15
100,72,2,1,12000,3.23
100,21,1,1,54000,2.23
75,30,2,1,24000,2.46
0,24,1,2,30000,2.54
70,24,1,1,12000,2.56
0,37,2,1,18000,3.05
0,36,2,1,6000,3.31
365,26,2,1,6000,2.08
100,42,2,1,42000,1.82
1700,66,1,1,54000,2.08
470,48,2,1,60000,2.75
365,32,2,1,66000,2.54
7550,52,2,1,66000,2.08
100,44,1,2,72000,1.38
267,41,2,2,36000,1.92
0,41,1,1,54000,2.46
3650,44,2,1,60000,2.92
3725,36,1,2,60000,2.15
550,51,1,2,54000,1.92
675,40,1,1,66000,2.08
0,30,1,1,30000,2.29
100,30,2,2,66000,2.15
300,33,2,2,48000,2.54
3840,36,1,2,72000,2.54
300,20,2,1,42000,3
10,59,2,1,42000,1.85
0,71,1,1,30000,2.15
0,47,1,1,24000,1.77
10,39,1,1,66000,2.08
105,32,1,2,48000,1.77
0,52,2,1,42000,1.77
150,74,1,1,60000,3.46
0,26,2,2,48000,1.46
75,69,1,2,24000,2.77
500,63,2,1,60000,2
1045,60,2,1,36000,2.09
680,40,2,1,48000,2.85
0,19,1,1,18000,2.77
0,30,1,1,54000,1.7
1500,78,2,1,60000,2.08
300,20,1,1,72000,2.08
605,70,2,1,18000,2.46
1000,40,2,1,54000,2.46
200,31,2,1,48000,2.69
625,42,2,1,48000,2.32
0,64,1,1,42000,1.35
0,74,2,1,36000,2.54
0,76,2,1,12000,3.08
10,38,1,1,18000,3.15
0,47,1,1,6000,2.54
700,71,1,1,24000,3.15
50,30,1,1,18000,2.16
0,50,2,1,78000,2.54
0,30,2,1,24000,2.31
0,27,1,1,12000,1.77
250,38,1,2,42000,3.15
300,47,1,1,54000,1.93
0,23,1,1,30000,2.15
65,70,2,1,6000,1.58
0,36,1,1,60000,2.38
675,56,2,2,60000,2.08
10,67,1,1,6000,2.04
300,31,2,1,48000,1.92
20,21,1,1,24000,2.38
0,23,1,1,72000,1.77
1400,42,1,2,78000,1.77
0,38,2,1,60000,2.69
200,38,2,2,48000,2
2070,30,2,1,60000,2.77
6544,56,1,1,66000,3
0,20,1,1,42000,2.54
360,32,2,1,42000,2.77
0,47,2,1,24000,2.23
2500,46,1,1,60000,2.54
905,43,2,2,54000,2.69
170,35,2,1,54000,2.46
695,76,1,1,24000,2
52,43,1,1,60000,2.34
3220,64,2,1,48000,2.15
20,69,1,1,30000,2.23
235,56,1,1,48000,2.38
50,30,1,1,42000,3.08
300,44,2,1,54000,2.15
300,49,2,1,24000,2.23
180,42,2,1,42000,2.38
0,50,1,1,12000,2.21
0,31,2,1,36000,2.23
1025,33,2,2,66000,3.31
0,18,1,1,12000,2.54
0,32,1,1,18000,2.32
200,43,1,1,18000,3.69
140,40,2,2,78000,1.99
250,46,2,1,24000,2.31
700,32,1,1,60000,3.38
0,38,2,1,24000,2.92
10,64,1,1,30000,2.42
0,32,2,1,36000,2.23
1400,47,2,2,66000,2
0,63,1,1,42000,2.25
0,28,2,1,24000,2.54
940,65,2,1,42000,2.46
300,42,2,1,42000,1.96
100,40,1,1,66000,3.31
200,31,2,1,30000,2.16
400,64,1,1,24000,2.08
0,76,1,1,24000,1.23
110,50,2,2,66000,2.69
0,49,1,2,30000,1.98
0,41,1,1,18000,1.69
0,27,1,1,42000,1.69
600,42,2,2,66000,2.62
240,28,2,1,24000,2.92
165,46,2,1,42000,2.12
0,30,1,2,66000,2.69
2000,50,2,2,66000,2.71
100,21,1,1,54000,2.77
290,60,2,1,18000,2.38
385,34,2,1,66000,1.92
60,53,1,1,12000,1.77
2795,44,1,1,60000,2.77
0,42,1,2,72000,2.14
0,67,1,1,48000,2.38
0,80,1,1,6000,2.05
20,42,1,1,24000,1.92
0,44,2,1,12000,1.62
4500,70,2,2,36000,2.69
0,52,2,1,42000,3.23
500,51,2,1,60000,2.23
550,57,2,1,48000,2.2
500,29,1,1,54000,2.31
925,52,2,1,48000,1.94
300,19,1,1,36000,1.38
0,27,1,1,54000,2.97
150,44,1,2,78000,1.77
65,53,2,1,48000,2.23
75,20,1,1,66000,2.62
55,45,2,1,54000,1.62
230,35,2,2,36000,2.77
5800,50,1,1,66000,3.15
900,48,1,2,66000,2.17
100,44,2,1,66000,2.39
112,23,2,1,30000,2.15
700,52,1,1,78000,3.46
1390,61,2,1,60000,1.85
0,50,1,1,54000,2.77
320,79,2,2,18000,2.38
240,46,2,2,48000,1.92
600,69,1,2,60000,2.5
300,29,2,1,54000,1.69
810,33,2,1,54000,2.85
60,69,1,1,36000,1.62
3600,78,2,1,48000,2.99
1290,34,1,2,42000,2.23
0,77,2,1,12000,1.89
150,27,1,1,54000,2.54
300,65,2,1,6000,2.69
0,74,1,2,36000,2.23
1220,49,1,1,66000,2.23
1000,57,1,2,60000,1.92
10,33,1,2,60000,1.62
0,21,2,1,6000,1.54
2500,41,1,2,42000,2.15
600,50,1,1,48000,2.08
150,46,1,2,36000,2.38
0,34,2,1,18000,1.92
300,64,2,1,18000,1.77
960,57,2,2,78000,2.54
0,72,1,2,36000,2.54
0,65,1,1,18000,1.62
1435,47,2,1,54000,1.94
2000,52,1,1,30000,2.54
450,29,1,2,36000,2.46
0,57,1,1,60000,2.31
810,63,1,1,42000,2.46
1125,29,1,2,60000,2.92
550,34,2,1,72000,2.32
0,37,1,2,60000,1.92
150,60,1,1,54000,1.46
1000,50,2,1,30000,2.62
1180,30,2,1,30000,2.46
1000,21,2,1,36000,2.62
5,44,2,1,60000,2.27
200,32,1,1,60000,2.46
1330,62,2,1,18000,1.15
0,20,1,1,66000,2.96
280,43,1,1,60000,2.46
300,34,1,1,66000,2.92
650,41,1,2,48000,2.08
0,43,2,2,78000,3.23
200,52,1,1,54000,2.46
215,37,1,2,18000,2.94
1900,66,1,2,60000,2.34
160,40,2,2,54000,2.18
4,28,1,2,54000,2.46
175,74,1,1,54000,1.85
200,84,2,1,18000,2.62
140,28,2,1,42000,2.15
750,66,1,2,60000,2.23
1125,27,1,1,66000,2.77
250,65,1,1,30000,2.54
150,39,2,2,42000,2.23
700,34,1,2,60000,2.38
0,76,2,1,18000,2.1
0,28,2,1,6000,2.31
115,27,2,1,36000,3.85
6500,32,2,2,72000,2.92
370,36,1,1,54000,2.38
32,45,2,1,66000,2.23
0,81,2,1,12000,1.89
100,53,2,2,72000,2.54
0,30,1,1,60000,2.38
80,53,1,1,30000,1.54
0,42,2,1,12000,1.76
1000,48,2,1,42000,2.77
1100,44,2,2,66000,2.85
350,28,1,1,54000,1.85
610,69,1,2,48000,2.92
475,49,1,2,54000,2.77
0,33,2,1,30000,2.15
100,26,1,2,24000,2.15
100,39,1,1,24000,3.23
0,57,1,1,42000,3.31
0,37,2,1,18000,2.02
30,29,1,1,66000,2.25
0,44,2,1,6000,1.85
300,18,1,1,54000,2.31
185,24,2,2,42000,2.85
530,62,1,1,48000,2.08
25,64,1,1,66000,1.73
257,28,2,1,48000,2.54
250,44,1,2,48000,2.62
70,75,1,1,60000,2.85
0,39,1,1,48000,2.43
825,60,2,1,42000,2.77
100,45,2,1,42000,2.23
0,39,2,1,6000,2.66
0,38,1,1,6000,2.93
2150,42,2,1,42000,1.92
25,48,2,1,36000,2.23
200,81,2,1,6000,3.04
135,70,1,1,18000,2.31
10,38,2,1,12000,2.38
1400,65,2,1,24000,3.54
81,59,2,1,12000,2.15
720,70,1,1,18000,2.31
0,44,1,1,24000,1.77
45,29,2,1,30000,2.69
185,30,1,1,18000,2.62
1900,50,2,1,72000,2.38
350,41,1,1,36000,2
4100,50,1,2,78000,2
400,30,1,2,78000,2.46
0,28,1,2,42000,2.23
0,70,2,1,6000,1.55
0,75,1,1,6000,1.62
2500,25,2,2,54000,3.08
0,52,2,1,66000,2.15
0,37,2,1,72000,2.27
0,33,1,2,54000,2.46
150,62,2,1,54000,2.54
2500,66,1,1,36000,2.32
25,73,2,1,18000,2.38
100,64,1,1,42000,2.05
250,67,2,2,66000,2.85
800,52,2,2,54000,2.02
900,64,2,1,30000,2.38
250,75,1,1,66000,2
0,25,1,1,78000,3
0,71,2,1,72000,2.08
0,38,2,1,36000,2.23
335,39,2,2,36000,2.08
10,32,1,1,36000,2.46
100,36,2,1,30000,2.31
0,33,1,2,48000,2.39
100,28,2,1,42000,2.24
175,28,2,2,60000,2.46
500,77,1,1,30000,1.71
0,48,1,1,78000,1.85
25,78,2,1,18000,1.63
920,52,2,1,54000,2.85
50,31,2,2,54000,2.46
445,72,2,1,12000,2.38
30,18,2,1,54000,2.38
325,53,1,1,48000,1.92
5,66,2,1,12000,2.17
150,30,1,1,18000,3.15
300,45,2,2,54000,1.54
0,47,2,2,78000,1.88
0,19,2,1,6000,3.23
0,55,1,1,24000,1.78
1100,38,1,1,54000,2.92
600,42,2,1,54000,2.62
340,40,2,1,60000,2.31
550,24,1,1,66000,2.62
10,37,1,1,12000,2.03
10,19,1,1,36000,1.39
15,35,2,1,18000,2.4
55,23,2,1,30000,2.15
500,36,2,2,42000,2.23
500,55,1,1,54000,1.86
3400,60,1,1,60000,2.31
50,33,2,1,18000,2.11
55,36,2,1,30000,1.54
575,73,1,1,54000,1.15
300,75,2,1,48000,1.69
0,36,1,1,36000,1.65
190,20,1,1,72000,1.31
1085,61,2,1,42000,2.23
4265,45,2,2,60000,1.77
2500,51,1,2,78000,2.46
3130,45,2,2,72000,2.62
5350,63,1,2,78000,2.15
1930,40,1,2,54000,2.08
1250,33,2,1,60000,3.85
260,81,2,1,54000,1.31
20,20,2,1,6000,2.38
45,25,1,1,60000,1.85
0,28,2,1,36000,2.69
800,32,1,1,60000,1.62
0,36,1,1,48000,2.23
0,93,2,1,24000,2.69
0,26,2,2,42000,3.08
1000,64,1,1,54000,2.38
50,50,2,1,54000,2
200,19,1,1,54000,3
1200,31,1,2,60000,2.23
110,31,1,1,42000,2.38
100,49,2,1,42000,1.77
360,65,2,1,66000,2
80,40,1,1,54000,2.23
100,31,2,1,66000,1.15
0,34,1,1,60000,2.08
725,37,2,2,78000,1.62
20,26,2,1,54000,2
0,38,2,1,66000,1.77
3200,32,2,2,78000,2.54
0,42,1,1,60000,1.15
1600,62,2,1,54000,3.58
60,62,2,1,18000,1.85
45,23,1,2,30000,2.34
3025,38,2,2,60000,2.23
50,42,2,2,60000,1.89
210,37,1,1,30000,3.23
300,21,1,1,6000,2.19
200,42,1,1,48000,1.85
600,60,1,1,18000,2.69
825,74,1,1,30000,2.31
0,20,2,1,18000,2.92
0,35,1,1,24000,1.31
0,78,2,1,6000,2.31
1150,45,1,1,54000,1.92
0,44,2,1,78000,2.08
655,71,2,1,18000,2.46
36,31,2,1,24000,2.62
0,65,1,1,30000,1.47
875,37,2,1,36000,1.77
200,27,2,1,36000,2.69
0,39,2,1,54000,2.69
6630,47,1,1,72000,2.38
1750,30,1,2,78000,2.15
45,63,2,1,12000,2.69
75,27,1,2,42000,2.08
175,32,1,1,36000,2.15
115,21,2,1,12000,2.08
250,70,2,1,12000,2.08
3500,34,1,2,78000,4
800,64,1,2,78000,3
1200,69,1,2,66000,2.69
70,61,1,1,66000,1.77
600,44,1,2,78000,2.69
1190,36,1,2,48000,2.31
0,56,2,1,30000,2
175,57,1,1,54000,2.15
0,63,1,1,12000,1.85
620,58,2,1,36000,1.81
500,37,1,2,30000,2.31
500,35,2,1,18000,2.69
350,60,2,1,54000,2.92
0,29,2,1,48000,2.32
0,26,2,1,48000,2
0,57,2,1,12000,2.35
1120,75,2,1,24000,2.38
100,29,2,1,48000,2.54
315,34,2,1,36000,2.23
0,48,2,1,36000,1.58
445,26,2,2,30000,2.54
300,28,2,2,36000,2.54
50,28,1,1,36000,1.77
800,32,1,1,42000,2.31
350,68,2,2,48000,2.27
310,35,1,1,36000,1.69
425,36,1,2,48000,2.54
95,27,2,1,42000,2.38
60,48,2,1,30000,1.94
0,32,2,1,30000,2.85
140,29,2,2,24000,2.08
400,30,2,1,54000,2.38
50,28,1,1,24000,2.46
0,41,1,1,42000,2.31
200,67,1,1,18000,2.54
2760,40,2,1,30000,2.62
8149,53,2,2,54000,2.08
415,33,2,2,60000,2.54
2000,65,2,1,24000,2.69
1300,50,1,2,78000,1.85
600,44,2,1,78000,2.08
0,49,2,1,30000,2.31
5300,28,1,2,60000,2.31
25,56,1,1,36000,2.65
190,31,2,2,36000,2.46
13860,40,2,1,60000,2.08
1160,64,1,1,66000,2.15
3575,59,2,2,60000,2.54
370,59,2,1,78000,2.17
950,64,2,1,60000,2.31
0,43,2,2,24000,2.42
0,65,2,1,6000,2.52
0,34,1,1,48000,3.23
10,70,2,1,6000,3.23
55,39,2,1,18000,3.31
50,53,1,1,6000,2.62
5400,51,1,2,78000,2
420,29,1,2,78000,2.77
585,35,2,2,78000,3
1690,32,2,2,66000,2.54
1000,68,1,2,42000,2.31
330,23,1,1,36000,2.38
20,60,2,2,60000,2.08
1500,76,1,2,30000,1.92
2800,62,1,1,48000,2.15
300,22,2,1,24000,2.38
0,59,2,1,18000,2.05
2700,78,1,1,30000,2.23
0,32,1,1,54000,2.77
3065,73,1,1,30000,2.23
295,29,2,1,12000,2
400,55,2,2,30000,2.15
0,22,2,1,6000,3.16
0,83,1,1,18000,2.54
300,37,2,1,60000,1.78
7150,41,1,1,54000,2.62
10,61,2,1,6000,3.35
800,54,2,2,60000,2.24
600,38,2,1,42000,2.85
2100,60,1,1,66000,1.92
200,40,1,1,60000,2.54
2800,34,2,1,60000,3
1350,47,1,2,72000,2.46
10,36,1,1,24000,2.65
950,39,2,2,54000,2.62
600,33,2,1,36000,2.46
190,50,2,1,30000,1.69
0,64,1,1,54000,2.38
0,34,1,1,36000,1.92
0,45,1,1,48000,2.08
960,35,1,1,66000,2.85
30,52,2,1,36000,2
0,64,2,1,18000,2
100,82,2,1,12000,2.23
480,79,1,1,36000,2.31
1150,73,2,2,48000,1.85
500,44,2,1,78000,2.41
580,35,2,1,48000,2.23
0,31,1,2,54000,2.32
550,70,1,1,36000,1.77
1066,39,2,2,72000,2.08
110,38,1,2,54000,2.38
720,42,2,2,72000,2.38
520,72,1,1,30000,1.46
400,63,2,1,48000,2
75,36,1,1,30000,2.23
0,25,2,1,18000,1.86
300,50,2,1,60000,2.15
0,38,1,1,54000,2.85
0,20,2,1,48000,2.92
1900,41,1,2,54000,1.54
30,26,1,1,36000,2.23
0,29,2,1,6000,2.77
220,32,2,1,18000,2.85
0,33,2,1,42000,1.77
0,48,2,2,36000,1.62
2500,21,2,1,6000,3.08
230,76,2,1,12000,3.31
235,26,2,1,54000,2.85
250,43,1,1,30000,1.96
800,45,1,1,60000,2.62
0,31,2,1,60000,2.38
0,65,2,1,12000,1.15
0,36,2,1,36000,2.31
0,71,2,1,48000,3.23
0,43,2,1,54000,3.62
1050,29,2,1,48000,2
500,65,1,1,54000,2
1600,42,1,1,72000,1.46
910,49,1,1,66000,2.08
0,58,2,2,54000,1.38
300,44,1,1,36000,2.77
80,22,2,1,6000,3.54
1127,88,2,1,72000,3.08
1285,70,1,1,24000,2.23
75,71,2,1,18000,1.85
400,29,2,1,6000,2.46
120,32,1,1,42000,1.62
125,67,2,1,24000,2.23
300,76,1,1,24000,2.31
80,43,1,1,48000,3.15
400,53,1,1,48000,4
5000,55,2,1,54000,2.08
150,38,1,2,12000,2.46
0,77,1,1,6000,2.2
120,45,2,1,48000,1.71
0,60,1,1,18000,2.46
0,38,2,2,48000,2.46
0,32,1,1,18000,2.31
90,40,1,1,60000,2.23
0,43,1,1,30000,2
0,26,2,1,12000,2.46
375,28,2,2,48000,2.46
60,23,2,1,12000,1.92
0,38,1,2,54000,1.92
6575,46,1,1,54000,1.77
2250,52,1,1,72000,2
2450,32,2,1,30000,2.08
0,78,2,1,36000,2.32
10,26,2,2,42000,2.67
275,24,1,1,24000,2.77
700,38,2,1,36000,2.46
300,25,1,1,36000,2.15
0,22,1,1,54000,2.45
0,22,1,1,60000,1.92
0,25,1,1,66000,3
0,32,1,1,42000,1.62
775,47,2,1,60000,1.54
525,40,2,2,42000,1.62
0,47,2,1,12000,2.69
160,29,1,2,54000,2.92
205,60,2,1,36000,2.62
25,37,1,1,66000,2.51
0,54,2,1,42000,2
110,21,1,1,42000,2.92
230,38,1,2,42000,2.69
615,33,1,1,66000,2.54
200,34,1,1,48000,1.85
500,30,2,1,18000,2
0,75,2,1,6000,1.72
0,41,2,1,12000,1.62
600,29,1,2,6000,2
0,49,1,1,12000,2
60,35,1,1,24000,2.23
10,56,2,1,36000,2
0,51,1,2,48000,1.69
0,68,1,1,24000,1
0,31,1,1,30000,2.46
29,60,2,2,42000,2.69
400,33,2,2,54000,2.09
300,53,2,1,36000,3
125,56,2,2,48000,1.89
0,28,2,2,48000,3.31
0,28,2,1,30000,2.38
675,38,1,1,30000,2.31
310,61,2,1,12000,1.85
0,67,2,1,24000,2.39
2000,73,1,2,54000,2.69
330,34,2,1,48000,2.38
200,53,2,1,30000,2.07
0,23,2,1,12000,1.62
150,34,2,1,18000,3.38
0,30,1,1,36000,2.23
130,37,2,1,24000,2.23
300,68,2,1,24000,1.58
0,65,2,1,18000,1.92
150,73,2,1,18000,2.43
560,50,2,1,78000,3
240,67,2,1,30000,2.31
0,56,2,1,12000,2.23
550,74,2,1,42000,2.31
5000,64,1,2,54000,2.46
0,27,2,2,36000,1.54
175,57,2,1,48000,2.07
240,64,2,1,12000,1.85
0,39,2,1,24000,1.38
0,29,2,2,42000,1.84
450,69,2,1,24000,1.85
60,73,1,1,24000,1.79
0,26,2,1,18000,2.12
110,39,1,1,42000,2.08
2235,65,2,1,30000,2.41
0,48,1,1,24000,1.73
6407,69,2,2,54000,2.13
70,47,2,1,60000,1.85
0,42,1,1,30000,2.46
50,31,1,1,24000,2.3
250,45,1,1,30000,2.56
0,79,2,1,18000,2.92
0,62,2,1,54000,1.77
0,29,1,1,72000,1.23
1530,36,1,1,24000,2.77
3000,40,2,1,6000,2.06
1550,48,2,2,78000,2.3
0,55,1,2,66000,2.54
0,63,2,1,66000,2.46
250,47,2,2,66000,2.69
6000,64,1,2,72000,1.69
520,21,1,1,54000,1.62
4500,48,2,1,54000,2.15
100,58,1,2,66000,2.62
100,51,2,1,78000,2.86
250,39,1,1,60000,2.12
3350,73,1,2,66000,2.69
0,69,1,1,6000,2
60,38,1,1,54000,3.15
3450,46,1,2,54000,2.38
2700,32,2,1,54000,3.08
1150,68,2,2,48000,2.77
880,40,2,1,36000,2.38
100,58,2,2,72000,2.23
500,32,2,1,72000,2.23
500,66,1,1,60000,2
290,31,1,2,54000,2.23
500,50,1,1,30000,2.46
3750,22,1,1,24000,3.08
6200,31,1,1,60000,2.62
0,19,1,1,36000,3.15
175,35,1,1,48000,2
22,29,2,1,54000,1.85
850,69,1,1,42000,1.77
0,31,1,2,6000,2.62
0,65,1,1,18000,3.08
500,48,2,1,54000,3
270,69,2,1,36000,2.61
0,30,1,1,42000,2.38
1030,52,1,1,60000,1.85
575,45,1,1,36000,2.23
70,30,2,1,48000,1.85
100,56,1,1,42000,2.77
0,46,2,1,12000,3.69
1350,31,1,1,54000,2.62
3050,73,1,1,18000,2.85
0,30,2,1,18000,2.17
0,19,2,1,54000,1.46
0,31,1,1,6000,1
0,67,1,1,48000,1
133,35,1,1,66000,2
310,30,2,1,60000,2
0,79,1,1,36000,1.97
0,72,1,1,12000,2.24
0,64,1,1,24000,1.24
4100,30,2,1,54000,2.15
50,56,1,1,48000,2
200,66,1,1,30000,1.92
0,75,2,1,42000,2.08
400,61,1,1,36000,3
0,31,1,1,18000,3.31
150,21,2,1,24000,2.69
0,34,2,1,42000,1.77
0,66,1,1,66000,1.79
0,45,1,1,6000,2.23
46,72,2,1,18000,3
15,21,1,1,12000,1.46
0,81,1,1,24000,2.46
110,75,2,1,12000,1.83
0,21,1,1,12000,2.54
0,66,1,1,30000,2.08
20,68,1,1,18000,2.85
120,40,1,2,42000,3.08
950,48,1,1,42000,2.85
300,62,1,2,42000,2
0,32,2,1,54000,2.08
0,44,2,1,66000,1.8
642,74,2,1,24000,1.38
0,65,1,2,36000,1.31
0,49,2,1,6000,1.92
1150,32,2,1,54000,2.31
300,47,2,2,30000,2.42
30,72,1,1,42000,1.58
550,60,1,1,12000,1
0,34,1,1,6000,1.77
320,24,1,1,66000,2.92
0,73,2,1,24000,1.77
1320,43,2,1,66000,2.46
900,31,2,2,60000,1.85
0,65,1,1,36000,2.77
550,53,2,1,60000,1.62
0,28,1,1,36000,2.46
700,27,1,1,54000,2.54
0,47,2,1,6000,3.15
270,41,1,1,66000,2.31
0,27,2,1,6000,2.38
0,39,1,1,48000,3.46
1030,44,1,2,72000,2.38
700,56,1,2,66000,1.85
175,54,2,1,36000,2.38
547,38,2,1,66000,2.77
0,49,1,1,30000,1.62
325,47,2,1,48000,2.23
2010,35,1,2,78000,2.38
0,44,2,1,12000,2
0,37,2,2,78000,2.77
0,42,2,2,60000,2.77
400,49,1,1,60000,2.46
500,44,1,2,78000,2.46
500,64,1,2,36000,2.23
250,39,2,1,18000,2.62
650,61,2,1,48000,3.31
5840,42,2,2,72000,2.77
0,40,1,1,72000,2.31
2105,53,2,2,78000,2.31
100,56,2,1,30000,2
0,22,2,1,66000,2.62
3055,42,1,1,72000,2.23
89,41,2,2,54000,2.25
230,34,2,1,18000,2.4
752,28,2,1,42000,2.23
300,41,2,1,18000,3.46
700,30,1,2,48000,3.31
475,46,2,2,48000,2.38
511,46,2,2,30000,2.58
50,35,1,2,66000,2.08
22,45,2,1,42000,2
30,51,2,1,48000,2.23
0,51,1,1,54000,2.98
0,45,1,2,66000,2.51
150,65,2,1,24000,2.62
1020,73,1,1,18000,2.5
100,27,1,1,30000,3.08
70,29,2,1,18000,3.54
0,63,1,1,36000,1.54
2250,59,2,2,72000,2.59
1240,71,2,1,18000,2.54
0,62,2,1,42000,1.62
0,44,1,1,6000,1.54
0,68,1,1,6000,2.31
400,30,1,1,12000,2.46
0,34,1,1,24000,1.85
0,27,2,1,12000,3.46
10,35,1,2,60000,2.27
350,33,1,2,48000,2.46
70,72,2,1,36000,1.85
35,58,2,1,42000,2.38
24,23,1,1,12000,2.38
200,49,2,1,66000,1.85
350,42,1,1,60000,2.62
500,38,2,1,42000,2.52
50,32,2,1,60000,2.92
230,33,1,2,48000,3.08
3250,29,1,1,60000,2.62
0,41,1,2,66000,1.86
145,32,2,1,36000,3.15
0,67,1,2,12000,2.06
1300,37,1,1,36000,1.85
430,35,1,1,36000,1.77
50,62,2,1,30000,2.38
90,35,2,1,24000,1.82
470,70,2,1,30000,2.46
5200,49,1,2,78000,2.92
1675,32,1,2,60000,2.33
380,35,1,1,36000,2.23
110,77,2,1,18000,2.77
0,88,2,1,24000,2.15
165,39,2,2,60000,2.54
11,71,2,1,18000,2.15
500,64,1,1,30000,2.69
0,20,1,1,66000,2.23
1360,49,2,1,60000,1.92
250,55,2,1,66000,2.08
0,29,1,1,66000,2.32
3400,53,2,2,60000,2.15
0,26,1,1,66000,1.46
400,28,1,1,30000,2.23
250,33,1,2,42000,2.69
1350,45,1,2,30000,2.85
335,72,1,1,60000,2.46
155,58,2,2,48000,2.62
0,26,1,1,18000,2.38
400,39,2,1,30000,1.85
320,46,1,1,30000,2.04
440,32,2,1,42000,2.54
0,64,2,1,18000,2.03
0,62,1,1,24000,2.38
205,32,2,1,48000,2.85
4500,55,1,1,60000,2.15
1100,74,2,1,18000,2.38
0,69,2,2,66000,2.38
0,31,2,1,72000,1.85
0,32,1,1,36000,1.15
200,31,2,2,66000,2.46
1600,50,1,1,54000,2.31
0,33,1,1,60000,2.25
1150,36,2,2,60000,2.54
300,32,1,1,60000,1.85
280,62,2,1,72000,2.15
0,44,1,1,42000,1.62
700,59,2,1,72000,2
800,66,1,1,60000,2
285,45,2,2,66000,2.23
80,51,1,1,60000,2
0,48,1,1,60000,1.92
0,51,1,1,24000,1.38
52,35,2,1,30000,2.69
50,51,2,1,48000,2.46
200,38,1,1,42000,2.46
0,70,2,1,42000,2.32
50,42,2,1,48000,2.46
4600,77,1,1,66000,2.23
400,49,1,1,36000,2.46
0,88,2,1,12000,2.28
45,28,2,1,36000,1.97
550,50,1,1,54000,2.33
250,65,1,2,36000,2.23
170,77,2,1,12000,2.69
330,73,2,1,30000,2.62
585,46,2,1,78000,3.46
1140,52,2,1,66000,2.75
0,38,1,1,42000,2.24
50,79,1,1,18000,3.15
215,31,2,2,36000,2.08
50,42,1,2,72000,1.85
8,18,2,1,6000,2.92
520,62,1,2,36000,2.85
0,19,1,1,66000,2.77
500,79,1,1,36000,2.46
500,28,1,1,36000,3.54
6000,50,1,2,66000,2.23
1750,60,1,2,60000,1.85
610,55,2,2,66000,2.46
90,21,1,2,30000,3.46
50,34,2,1,36000,2.15
160,28,2,2,30000,2.69
0,33,2,1,48000,3
0,60,1,2,18000,2.85
1510,40,2,1,48000,2.31
0,25,2,1,6000,2.92
0,35,2,1,12000,1.77
600,47,2,1,66000,2.45
550,49,2,2,60000,2.33
5500,28,1,1,6000,1.78
104,59,1,1,42000,2.3
0,26,2,1,30000,2.15
550,57,2,1,42000,1.85
500,68,1,1,30000,2.46
0,20,1,1,6000,2.54
0,38,1,2,60000,2.08
0,28,2,1,6000,1.85
52,28,2,1,30000,2.48
52,29,1,1,6000,2.38
525,48,1,1,24000,1.94
30,38,2,1,6000,2.62
525,41,1,1,42000,2.77
0,33,2,1,6000,3.62
0,47,1,1,6000,2.62
170,21,1,1,72000,1.92
230,30,1,1,60000,1.66
850,64,1,1,24000,2.46
0,32,2,1,60000,2.31
260,70,1,1,18000,2.31
100,33,1,1,54000,1.62
0,35,1,1,60000,2.08
0,31,1,1,30000,2.15
450,51,1,1,48000,1.38
0,40,2,1,12000,1.85
0,66,2,1,30000,2
250,26,1,2,42000,1.99
650,62,2,2,72000,1.69
295,43,1,1,54000,1.88
0,38,1,2,48000,2.85
350,31,2,1,48000,2.54
0,42,1,1,30000,3.54
300,26,2,1,36000,2.46
0,45,1,1,18000,2.77
0,66,1,1,54000,2.62
0,24,1,1,66000,1.55
10,38,2,1,18000,2.54
100,65,1,1,18000,1.77
100,84,2,2,30000,2.93
2300,71,2,1,60000,2.85
0,44,1,1,72000,2.48
0,20,1,1,6000,2
0,27,2,1,6000,1.71
0,47,1,1,60000,3.54
0,35,1,1,24000,1.81
0,43,2,1,6000,2.54
0,23,2,1,6000,2.15
0,64,2,1,6000,2.41
650,39,2,2,54000,2.62
0,18,1,1,6000,1.77
600,30,2,1,48000,3.46
225,29,1,1,42000,2
0,38,2,1,18000,3.09
5200,36,2,2,60000,2.31
800,82,1,1,18000,2.1
225,29,1,2,60000,1.92
0,23,2,2,60000,3.46
0,29,2,2,60000,2.15
2500,70,2,1,54000,1.69
1040,75,2,1,12000,2.31
490,25,2,1,66000,2.62
1125,77,2,2,60000,2.46
80,27,1,2,60000,2.85
0,54,1,1,78000,1.9
0,20,2,2,78000,2.31
530,36,1,2,78000,2.77
0,44,2,2,60000,2.54
650,31,1,2,78000,1.92
75,41,1,1,54000,2.38
0,37,1,1,60000,1.38
2445,36,2,2,66000,1.69
2600,33,1,2,72000,2.15
200,68,1,1,24000,1.92
250,84,2,1,6000,2
0,68,1,1,48000,2.32
700,67,1,1,66000,1.92
0,36,2,1,60000,2
0,40,2,2,66000,2.85
325,37,2,1,66000,2.23
875,42,2,1,78000,2.31
200,27,1,1,60000,3.08
35,24,2,1,24000,2.08
800,29,2,1,54000,1.81
580,28,2,1,48000,2.69
1295,38,2,1,48000,2.02
2152,62,1,1,42000,2
1000,42,1,2,72000,2.46
1500,66,1,1,24000,2.38
25,25,1,1,18000,2.62
0,20,1,1,24000,1.16
0,37,2,1,30000,2
0,55,1,1,24000,2.38
830,42,1,2,72000,2.46
0,18,2,1,48000,3
175,31,1,2,78000,2.62
0,21,2,1,24000,2.62
0,69,2,1,6000,3
300,35,2,2,66000,1.77
205,19,1,1,66000,2.54
275,41,2,1,48000,2.31
0,68,1,1,54000,2.15
695,78,2,1,18000,3.11
2750,67,1,1,60000,2.31
5280,63,1,2,60000,1.15
0,61,2,2,48000,2.38
20000,31,1,1,78000,1.92
75,27,1,1,78000,2.23
650,24,2,1,24000,2.77
0,50,1,1,18000,1.63
220,45,1,1,66000,2.02
60,28,1,2,66000,2.19
250,34,1,1,30000,2.46
0,25,1,1,36000,2.14
200,52,1,1,60000,1.77
170,39,2,1,42000,2.54
0,40,2,1,54000,1.93
175,31,2,1,24000,2.23
600,62,1,1,18000,2.85
1700,39,1,1,24000,2.34
50,33,2,1,18000,2
0,67,2,1,6000,2.92
0,30,1,1,48000,2.69
2700,46,1,2,78000,2.46
2000,43,1,1,42000,3.85
195,77,1,1,48000,1.62
430,34,2,1,54000,2.46
180,32,2,2,48000,2.23
0,32,1,1,18000,1
500,51,2,1,66000,2.46
0,80,2,1,18000,2.1
165,44,2,1,66000,2.54
700,91,1,1,24000,3.46
0,61,2,1,54000,1.63
1020,51,1,2,66000,2.38
2600,37,2,2,24000,2
785,45,1,1,66000,2.23
0,49,2,1,60000,2.16
1320,35,2,1,66000,2.77
800,29,1,2,30000,2.23
0,22,2,1,6000,2
0,59,1,1,24000,1.82
500,39,2,1,48000,2.08
0,21,1,1,42000,3.62
0,31,2,1,18000,3.08
3400,31,2,1,18000,3.34
611,43,2,1,60000,2.15
0,75,1,1,24000,1.77
66,26,2,1,66000,2.7
0,23,2,1,48000,2.15
1500,48,1,1,60000,2.23
1100,36,1,2,60000,1.92
8210,40,1,2,66000,2
5570,52,1,1,72000,2.38
1245,30,1,2,72000,2.62
0,55,1,1,72000,2.15
600,64,1,2,60000,2.31
0,43,2,1,72000,1.77
0,45,2,2,60000,2
750,34,2,2,66000,2.38
2230,62,2,1,30000,1.31
1020,43,1,1,48000,3.15
475,75,1,1,42000,2.46
0,19,2,1,72000,2
700,67,1,2,72000,2
375,43,2,2,66000,2.15
7980,63,1,2,60000,2
150,35,1,1,30000,2.46
575,64,2,2,54000,2.23
1630,40,2,1,54000,1.77
2250,32,1,2,36000,2.15
800,54,1,1,60000,2.12
1250,73,1,1,36000,2.5
0,25,1,1,24000,2.31
1100,71,2,1,30000,2.62
0,46,2,1,54000,2.62
50,24,1,2,42000,2.08
20,23,2,2,12000,2.54
320,70,1,1,48000,2.54
10,22,1,2,6000,2.69
2515,68,2,1,54000,2.42
50,67,1,1,30000,1.77
5,20,2,1,42000,2.31
0,27,2,2,54000,2.69
6675,51,1,1,60000,2.46
200,35,1,1,24000,2.08
4000,42,2,1,78000,2.08
0,49,2,1,18000,2.54
400,58,1,1,18000,2.38
0,59,2,1,42000,3.08
300,71,2,1,6000,2.46
0,64,2,1,12000,2.62
0,24,2,1,6000,2
850,67,1,1,42000,2.23
500,82,1,1,12000,2.23
200,75,1,1,36000,2.43
1050,35,2,1,60000,2.54
0,59,1,1,24000,1.23
0,46,1,1,24000,3.55
0,30,1,1,24000,3.31
1170,74,1,1,30000,1.55
100,35,1,2,36000,2.62
400,32,1,1,36000,2.56
209,76,1,1,12000,2.56
185,32,2,1,48000,1.85
2085,48,1,1,30000,2.46
300,43,1,1,72000,1.92
130,57,2,1,24000,2
118,23,2,2,30000,2.92
0,65,2,1,18000,1.72
100,72,1,1,24000,2.46
0,46,2,1,30000,2.46
100,85,2,1,18000,1.85
0,42,1,1,48000,2.46
0,42,1,1,54000,3.08
200,70,1,2,72000,2.54
0,32,1,1,36000,1.93
0,37,2,1,18000,1.49
50,87,1,1,6000,2.11
0,28,2,1,18000,2.54
10,36,2,1,6000,1.94
0,41,2,1,30000,1.85
0,63,1,1,30000,2
100,72,1,1,30000,2.62
300,72,1,2,42000,2.03
95,71,1,1,42000,2
220,34,2,2,48000,2.92
200,48,2,2,48000,2.46
0,91,2,1,42000,2.08
1550,51,1,1,48000,2.35
0,42,1,1,78000,2.38
2300,41,1,2,78000,2.31
2250,48,2,1,72000,2.46
250,89,1,1,30000,1.65
300,77,1,1,18000,1.85
600,49,1,1,48000,1.92
550,58,2,1,72000,1.65
350,42,1,1,48000,1.77
100,42,2,1,66000,1.92
105,30,2,1,60000,2.54
0,60,1,1,48000,1.85
0,29,2,1,48000,2.23
200,44,1,1,66000,1.77
2100,69,1,1,30000,1.99
0,61,1,1,6000,1.16
100,32,2,1,12000,2.38
3100,40,1,2,78000,3
350,30,2,2,78000,2
800,60,2,2,66000,1.85
2875,42,1,2,66000,2.4
5015,42,1,1,48000,2.17
275,24,1,1,54000,2
0,22,1,1,18000,3
3005,60,2,1,42000,1.92
75,63,2,1,12000,1.77
85,23,1,1,30000,3.15
547,40,1,2,54000,2.92
330,44,1,1,42000,2.23
0,19,1,1,24000,2.08
90,29,2,1,54000,2.33
0,56,1,1,30000,2.69
1000,77,2,1,24000,2.08
2500,41,1,1,48000,2.35
150,50,2,2,18000,2.38
0,66,1,1,24000,1
25,56,2,1,60000,2.15
0,27,1,1,54000,1.08
0,24,1,1,60000,1.33
0,25,1,1,36000,2
400,41,2,1,60000,2.62
5425,52,2,2,54000,3.08
900,29,2,2,60000,2.46
7100,32,1,2,72000,2.42
3465,75,1,1,66000,2.34
0,47,1,2,36000,1.46
15,30,2,1,60000,2.15
0,76,1,1,12000,2.15
190,26,2,1,54000,2.46
500,59,2,1,30000,1.69
100,43,1,2,72000,2.32
0,67,2,1,60000,3
1050,68,2,1,72000,2.46
0,42,1,1,78000,1.8
0,62,1,2,72000,2.86
1420,45,2,2,66000,2.77
1350,47,1,2,72000,2.54
0,50,1,1,42000,2
30,27,2,1,42000,2.31
320,53,2,1,48000,2.23
400,26,1,1,60000,1.92
20,32,1,2,60000,2.39
100,26,2,1,48000,2
1000,48,1,1,54000,1.85
0,44,1,2,54000,2.53
40,31,1,1,42000,3.31
85,25,2,1,18000,1.92
100,55,2,2,30000,2.46
200,29,1,2,36000,2.77
0,47,1,1,24000,1.77
80,59,2,1,60000,2.49
840,28,2,2,78000,3.46
780,35,1,2,72000,2.38
460,69,2,1,24000,2.23
1600,50,2,1,60000,2.85
290,51,1,1,54000,2.09
2500,58,1,1,54000,1.77
2010,59,1,1,24000,1.7
1205,65,2,1,24000,2.38
1305,58,2,1,30000,2.13
4450,36,2,2,78000,2.46
600,32,1,1,42000,2
15,49,1,1,60000,1.92
500,53,2,1,48000,1.77
500,52,2,1,48000,2.43
650,58,2,1,54000,2.62
0,43,1,1,6000,2.12
250,36,2,1,30000,2.08
68,22,1,1,42000,2.54
700,80,1,2,48000,2.02
1000,65,1,1,54000,2.38
0,50,2,2,36000,2.31
1450,66,2,1,30000,2.09
410,24,2,1,42000,2.62
461,60,2,1,30000,2.08
720,38,2,2,60000,2.46
50,24,2,2,48000,2.77
650,82,2,1,42000,2.46
1200,83,2,1,42000,2.41
750,47,1,1,72000,2.72
15,31,1,1,30000,2
0,58,1,1,60000,2
208,45,2,1,36000,1.92
1000,44,1,1,24000,2.08
0,90,2,1,18000,2.27
3045,69,1,2,42000,2.62
310,32,2,2,48000,2.54
800,29,1,2,48000,2.62
350,52,1,2,36000,2.04
300,34,1,1,72000,2.46
0,70,2,1,12000,2.54
0,86,2,1,30000,2.23
0,58,2,1,18000,2.57
0,59,2,1,18000,2.46
0,44,1,1,36000,2.3
3000,55,2,1,42000,1.77
25,45,1,2,60000,1.23
0,21,1,1,24000,2.38
1100,73,2,1,6000,2.4
770,60,1,1,18000,2.54
300,87,1,1,36000,2.13
200,21,1,1,6000,2.54
500,32,1,2,18000,3.31
0,46,2,1,6000,2.31
0,49,1,2,72000,2.71
800,45,2,1,66000,2.15
1115,46,2,2,78000,1.69
1900,58,1,1,60000,2.08
1090,61,2,1,78000,2.38
50,53,2,1,30000,1.92
75,73,2,1,36000,1.88
0,53,2,1,60000,2.62
0,74,1,1,30000,2.08
150,38,2,2,72000,2.77
1900,65,2,1,72000,1.85
0,59,2,1,24000,1.85
0,26,1,1,18000,2.77
0,28,2,1,30000,2.38
2610,45,2,2,42000,3.15
50,76,2,1,18000,2.54
0,62,1,1,12000,3.15
0,57,1,1,6000,3.31
110,55,1,2,54000,3.15
70,30,2,1,6000,2.85
150,55,2,1,60000,2.85
675,54,1,1,60000,1.64
0,73,2,2,54000,2.54
160,20,1,1,42000,2.15
1190,52,1,2,66000,3
640,54,2,1,72000,1.81
2600,63,2,2,66000,1.62
1230,64,2,1,30000,1.92
0,28,1,1,30000,1.79
0,32,2,1,42000,2.54
950,53,1,2,48000,2.31
350,44,1,2,66000,2.54
0,29,2,2,54000,2.69
25,29,2,1,42000,2.23
125,42,1,2,54000,1.77
705,43,2,1,48000,2.54
1000,37,2,1,60000,2.08
481,50,1,1,66000,1.92
0,26,1,1,12000,2.31
150,67,1,2,36000,2
4400,38,2,2,66000,2.77
5000,43,2,1,36000,2.46
200,37,1,2,54000,2.31
600,34,2,2,72000,2.62
0,33,2,1,12000,2.25
0,43,1,1,42000,2.31
500,48,1,2,54000,2.11
2000,58,1,1,48000,1.69
260,32,1,2,54000,2.18
850,37,2,2,66000,2.08
2825,38,1,1,36000,2.38
175,22,1,2,6000,2.77
0,56,1,1,36000,1.92
90,49,2,1,48000,2.46
3285,37,1,1,42000,2.28
4400,18,1,1,54000,1.85
1000,66,1,1,42000,2.77
160,43,1,2,72000,2.38
8100,36,1,2,60000,2.57
75,52,1,1,30000,1.92
280,27,2,1,54000,3.23
95,42,1,1,12000,2.31
1325,35,1,1,60000,2.08
80,74,2,1,18000,2.92
500,74,1,1,30000,2.31
300,40,2,1,36000,1.85
1310,49,2,1,54000,3.46
80,24,1,1,18000,1.46
102,28,2,2,60000,2.86
0,79,1,1,18000,1.23
300,55,1,2,60000,2.08
30,34,2,1,36000,2.23
0,45,1,1,66000,2.85
0,62,1,1,78000,2.65
610,44,1,1,54000,1.77
300,38,1,1,48000,2.13
250,34,1,2,60000,3.46
10,62,2,2,54000,2.62
90,77,2,2,60000,1.69
0,37,1,1,36000,1.62
600,66,1,1,54000,2.23
0,46,1,2,48000,2.23
100,40,2,2,72000,3.38
350,38,1,2,60000,2.54
0,70,2,1,30000,1.81
0,67,1,1,12000,1.85
100,29,2,1,54000,2.25
270,23,2,1,48000,2.69
0,32,2,1,42000,1.85
750,63,2,1,66000,2.54
0,30,2,2,42000,2.09
0,41,1,1,30000,2.11
0,40,1,1,48000,2.62
0,22,1,1,54000,2.46
0,74,1,1,18000,1.89
3025,57,1,2,54000,2.23
100,60,2,1,48000,2.38
200,44,2,1,72000,2
35,34,2,1,54000,2.54
180,69,2,1,24000,2
0,67,1,1,30000,2.92
645,64,2,1,30000,2.31
300,44,2,1,48000,2.54
275,41,2,1,54000,2
100,24,1,1,42000,2.77
100,57,2,2,42000,1.77
325,41,2,2,36000,2.18
300,45,1,2,66000,2.23
170,32,1,1,30000,2.85
280,38,2,1,42000,2.25
0,26,1,2,54000,2.69
5,51,2,1,60000,1.54
425,60,2,2,48000,1.8
200,29,2,1,24000,2.31
600,34,2,1,54000,2.62
3000,40,1,1,30000,2.1
300,33,1,1,54000,2.54
1710,27,2,1,24000,2.13
4475,44,1,2,54000,2.62
100,77,1,1,24000,2.12
0,72,2,1,36000,2.54
450,68,2,1,12000,2.69
0,27,1,1,30000,2.54
1850,76,1,1,48000,2.31
190,38,2,2,30000,2.15
0,71,1,1,48000,2.77
10,25,1,2,24000,2.15
225,54,1,1,36000,2.73
0,45,2,1,6000,2.08
255,49,2,1,48000,3
950,34,2,1,54000,2.69
335,38,2,1,54000,2.54
4450,75,2,1,24000,2.16
175,54,2,1,42000,1.92
2000,40,1,2,42000,2.31
450,53,2,2,60000,2.23
700,76,1,1,24000,2.77
0,32,1,1,6000,2.69
100,23,1,1,54000,3.38
0,63,1,1,66000,1.92
60,56,2,1,18000,1.31
20,61,2,1,36000,1.77
0,39,2,1,12000,1.31
40,56,2,1,6000,3.46
250,65,2,1,36000,1.88
0,51,2,1,48000,1.54
120,74,1,1,30000,2.46
1250,35,1,2,60000,2
500,27,1,1,60000,2.69
0,18,1,1,54000,2.69
0,37,1,1,48000,1.85
250,55,1,2,48000,2.85
0,37,1,2,48000,2.25
300,32,1,1,42000,2.23
1035,70,2,1,36000,2.92
4610,52,1,2,60000,2.31
2000,34,1,2,48000,1.92
100,66,2,2,48000,2.85
100,40,2,1,48000,2.54
0,38,2,2,42000,1.85
150,42,1,2,12000,1.85
550,45,1,2,72000,2.23
350,30,1,2,60000,2.38
1025,33,1,2,48000,2.16
1000,69,1,1,42000,3.62
1075,69,1,1,54000,2.38
1000,90,2,1,18000,3.1
50,23,2,1,72000,1.92
0,26,1,1,42000,2.54
0,44,2,1,36000,1.92
480,31,2,1,6000,3.23
0,41,1,1,24000,2.46
0,33,2,1,18000,2.89
525,41,1,1,30000,2.69
675,44,2,1,66000,1.81
250,34,2,2,60000,2.24
4200,42,2,1,24000,2
60,59,1,1,30000,3.15
15,21,1,1,12000,3
25,55,1,1,48000,2.85
6060,47,1,2,66000,3.15
2550,43,2,1,24000,2.24
120,48,2,1,36000,2.92
1950,32,2,2,66000,3
6815,42,1,2,66000,1.77
100,48,2,1,48000,2.15
0,38,1,2,42000,1.54
0,51,1,1,36000,2.31
65,61,2,1,24000,2.69
150,36,1,1,48000,3.54
70,71,2,1,24000,3.08
100,74,1,1,18000,2.85
240,65,2,1,6000,2.46
550,53,2,2,66000,1.85
0,51,1,2,48000,1.85
140,23,1,1,30000,3
0,41,1,1,24000,2.38
0,76,1,1,18000,1.77
0,23,1,1,18000,2.23
0,26,2,1,6000,2.41
205,57,2,1,18000,1.86
0,24,1,1,6000,3
0,55,1,1,6000,2.92
0,85,2,1,6000,2.48
0,20,1,1,6000,2.32
150,45,2,1,24000,2.77
0,19,2,1,48000,2.1
800,36,2,1,12000,2.92
0,77,2,1,6000,3.08
160,54,1,1,36000,2.19
0,28,2,2,54000,3
0,60,2,1,6000,2.14
400,26,1,1,42000,2
100,24,1,1,36000,3.08
155,34,1,1,36000,3.15
315,56,2,1,18000,1.92
175,41,2,1,30000,2.77
0,42,1,1,60000,2.31
50,71,1,1,12000,2.31
240,46,1,1,36000,2.62
0,31,2,1,42000,2.31
0,43,1,1,30000,2.31
0,26,2,1,54000,2.54
50,78,1,1,12000,2.14
0,53,2,1,24000,2.15
0,18,2,1,66000,2
0,18,1,1,66000,1.46
1040,56,2,1,30000,3.08
100,21,2,1,30000,1.77
70,39,2,1,24000,1.77
0,23,1,1,42000,3.08
150,32,1,1,30000,2.54
450,53,2,1,66000,1.69
0,19,1,1,12000,1.69
0,18,1,1,24000,2.38
0,32,1,1,6000,1.85
0,91,2,1,6000,1.48
0,19,2,1,18000,1.85
1900,35,1,1,42000,3.23
300,32,2,1,54000,1.85
40,55,2,1,78000,2.77
0,19,1,1,18000,1.18
0,46,2,1,6000,2.08
50,19,1,1,24000,1.92
0,74,1,1,6000,2
1200,42,2,2,30000,2.08
165,55,1,1,48000,2.38
500,19,2,1,24000,3.46
20,61,1,1,30000,2.46
200,30,2,2,60000,2.46
50,53,2,1,42000,1.69
30,50,1,1,18000,2.62
175,38,2,1,12000,2.69
5000,66,1,2,36000,3.46
2845,40,2,2,42000,2
5250,40,2,1,42000,2.69
0,51,2,1,60000,2.77
0,37,1,1,48000,3.54
50,24,2,1,36000,2.38
50,61,2,1,12000,2.31
0,29,1,1,18000,2.46
26,26,2,1,42000,3.77
4,67,2,1,12000,3.69
0,19,1,1,6000,3.77
9,18,2,1,6000,2.15
0,26,2,1,18000,1.95
0,26,1,1,12000,2.46
0,18,2,1,48000,2
0,42,1,1,30000,2
0,56,2,1,18000,2.08
200,68,2,1,18000,1.92
140,64,1,1,48000,3
0,27,1,1,12000,2
115,66,2,1,18000,2.48
140,67,2,1,30000,2
520,43,2,1,60000,3.77
40,27,2,1,30000,1.23
100,47,1,1,36000,2.69
45,41,1,1,30000,2.15
120,24,1,1,6000,2.62
15,26,2,1,6000,1.62
750,65,2,1,6000,1.93
1250,43,2,1,66000,2.38
402,45,2,1,54000,3
60,25,1,1,36000,2.62
150,51,2,1,60000,2.46
10,28,2,1,12000,3.08
4825,53,1,1,66000,3.23
0,29,1,1,6000,1.52
215,34,1,1,36000,2.85
75,37,2,1,42000,1
0,18,1,1,60000,1.54
0,62,1,1,42000,3
120,41,2,1,18000,2.38
600,65,2,1,36000,2.94
0,28,2,1,12000,2.15
70,39,2,1,6000,2.77
2325,49,2,1,60000,2.92
0,24,2,1,18000,2.15
0,56,1,1,42000,2.08
200,50,1,2,60000,1.85
2700,84,1,1,42000,2.69
115,25,2,1,24000,2.23
200,26,1,1,30000,2.92
325,44,2,1,30000,3.23
275,60,1,1,54000,3.15
250,71,2,1,36000,3.38
700,29,2,2,66000,2.77
0,69,2,1,48000,3.23
0,28,1,2,66000,3
325,26,1,1,60000,2.77
135,55,2,1,18000,3
0,54,1,1,6000,2.73
50,74,1,1,6000,2.25
0,35,2,1,18000,2.31
0,19,2,1,6000,3
3100,28,1,2,66000,2.23
100,42,1,1,30000,3.92
100,51,1,2,54000,1.54
1300,76,1,1,60000,3.08
450,64,2,1,54000,3.31
570,30,2,2,66000,3.15
2700,47,1,2,66000,3.08
2400,47,2,1,48000,3.31
0,60,1,1,36000,2.85
200,29,2,1,54000,1.85
1500,33,1,2,54000,2.08
75,18,1,1,42000,2.46
200,43,2,1,24000,2.58
500,26,1,1,54000,2.54
125,40,1,1,60000,2.15
0,62,1,1,30000,2.77
1600,43,1,1,36000,2.54
100,33,2,1,42000,3.23
290,32,1,2,48000,2.15
0,19,1,1,24000,3.69
950,41,2,1,24000,1.92
4900,29,1,2,48000,2.15
0,22,2,1,66000,2.08
120,18,1,1,30000,2.69
0,20,2,1,42000,3.31
310,38,1,1,42000,2.31
0,34,2,1,24000,3
525,48,2,1,72000,2.08
6000,21,1,1,36000,2.62
0,26,1,1,6000,1.77
100,18,2,1,36000,2.85
225,45,2,1,18000,2.08
200,32,1,1,6000,2.69
200,26,2,1,12000,2.85
0,34,2,1,12000,2.77
0,58,2,1,6000,2.23
0,26,1,1,42000,1.08
0,20,2,1,24000,2.08
0,21,1,1,42000,1
105,24,2,1,54000,2.15
20,31,1,1,42000,1.54
0,21,2,2,6000,2.31
1300,41,1,2,66000,3.38
0,22,1,1,18000,2.59
0,62,2,1,18000,2.4
0,67,2,1,6000,1.9
150,20,1,1,30000,2.92
50,62,1,1,6000,2.49
0,26,1,1,24000,2.17
0,32,1,1,24000,2.46
0,59,2,1,6000,2.71
0,30,1,1,36000,2.41
100,28,1,1,24000,2.19
0,24,2,1,24000,1.62
0,42,1,1,24000,1.92
0,18,2,1,54000,3.38
200,22,2,1,54000,1.92
0,18,1,1,48000,2.46
10000,37,1,2,24000,2.15
1525,26,2,2,60000,2.62
100,41,2,2,18000,2.55
200,33,2,1,30000,3
0,39,2,1,12000,1.92
1450,50,1,1,60000,3.31
100,38,2,1,60000,3.08
300,19,2,1,6000,3.38
0,37,2,1,60000,2.85
0,33,2,1,18000,2.18
0,28,2,1,18000,2.26
0,38,2,1,18000,2.41
0,29,1,1,18000,2.32
0,26,2,1,30000,2.31
0,34,2,1,12000,2.88
340,30,1,1,24000,2.46
0,18,1,1,12000,2.37
325,38,2,1,42000,2.38
80,26,1,1,18000,3.08
0,21,2,1,6000,1.46
150,36,1,1,30000,2.85
65,23,1,1,24000,2.46
0,22,1,1,36000,2.23
50,30,2,1,30000,3.38
0,31,1,1,18000,2.46
0,30,1,1,18000,2.15
0,41,2,1,6000,1.62
0,64,1,1,6000,1.54
0,35,2,1,6000,2
99,45,2,1,30000,2.46
0,45,1,1,6000,1.94
0,36,2,1,6000,3
0,49,2,1,6000,1.38
0,26,1,1,18000,3
0,21,2,1,12000,3
0,30,1,1,36000,1.79
0,22,2,1,30000,2.01
500,42,1,1,78000,2.69
0,31,1,1,30000,2.32
700,47,1,1,48000,2.69
0,66,2,1,6000,2.18
125,32,2,1,42000,1.54
100,65,2,1,6000,2.38
75,23,2,1,30000,2.85
75,37,2,1,24000,2.46
120,56,2,1,24000,2.15
50,19,2,1,36000,3.31
0,32,1,1,24000,2
600,43,1,1,60000,3.08
0,28,2,1,54000,2.85
1800,31,2,1,66000,2.85
200,50,1,1,24000,2.14
200,37,1,1,60000,3
260,25,1,1,18000,2.4
0,26,2,1,54000,4
10,38,1,1,18000,3.08
50,41,1,1,36000,4
50,46,1,2,36000,2.31
20,75,1,1,12000,2.69
0,40,1,1,48000,3.85
0,68,2,1,6000,1.54
0,34,1,1,66000,2.32
0,40,1,1,72000,1.5
0,29,2,1,30000,1.77
0,52,1,1,36000,3.08
0,56,1,1,30000,3.31
0,69,1,1,18000,2.46
25,24,2,2,54000,2.31
6300,40,2,1,60000,1.93
200,45,2,1,30000,3.08
1670,36,2,2,66000,2.85
0,19,2,1,48000,2
180,68,1,1,12000,1.68
181,52,2,1,36000,2.23
0,49,2,1,18000,2.38
800,30,2,1,18000,2.08
0,47,2,1,12000,2.24
0,38,2,1,12000,1.81
0,76,2,1,6000,2.55
0,67,2,1,6000,2
0,57,1,1,6000,2.62
2075,59,2,1,42000,2.66
225,54,1,2,36000,2
250,55,1,1,30000,2.23
25,36,2,1,36000,3.15
0,25,2,1,6000,1.92
0,32,2,1,30000,2.66
0,26,2,1,36000,2.5
125,22,1,1,18000,2.15
65,43,1,1,42000,2.08
0,29,2,1,30000,2.85
0,72,1,1,30000,2.85
150,36,2,1,24000,2.85
0,23,2,1,42000,2
0,29,1,1,42000,2.08
220,29,1,1,30000,3
75,39,2,1,30000,2.62
65,29,2,1,24000,2.92
1250,21,2,1,66000,2.92
200,21,1,1,66000,2.92
800,33,2,1,78000,2.23
0,38,2,1,60000,2.23
150,30,1,1,66000,3.85
1345,39,1,1,66000,2.85
620,30,2,1,42000,3.46
810,35,2,2,78000,1.62
2400,62,2,2,78000,1.69
2700,54,1,2,72000,2.54
2575,42,1,2,66000,2.15
700,45,2,2,72000,2.41
300,36,1,1,66000,2.15
300,41,1,2,66000,1.77
300,34,2,2,78000,2.31
4500,49,1,2,78000,2.08
2600,61,2,2,66000,2.62
1525,53,1,1,66000,2.38
100,33,2,2,72000,2.15
1950,54,2,1,78000,2.4
100,33,1,1,66000,3.23
1870,35,2,2,66000,2.46
400,43,1,2,66000,2.54
100,24,1,1,42000,2.08
1100,73,1,2,60000,3
0,38,1,1,36000,2.32
0,53,1,1,72000,2
0,51,1,1,78000,1.92
25,39,2,2,66000,2.23
1110,32,1,2,78000,2.79
0,44,2,1,72000,2
250,22,2,1,72000,2.7
5000,45,1,1,66000,1
0,24,1,2,78000,1.92
360,50,2,2,72000,2.15
300,45,2,2,72000,2
0,62,1,2,66000,1.31
2380,41,1,1,72000,1.62
1100,55,1,1,66000,2.38
210,29,2,1,72000,2.54
1800,61,1,2,72000,2.62
700,80,1,2,48000,2
5650,68,1,2,72000,2.38
655,61,1,2,66000,2.46
6000,56,2,2,66000,2.31
30,44,2,1,66000,3
850,38,1,2,78000,2.55
6500,42,2,2,78000,2.36
1100,36,2,2,66000,2.62
100,47,1,2,78000,2.15
1950,46,1,2,72000,2.38
1750,39,2,2,66000,2.77
0,39,2,1,66000,2.22
675,50,1,2,72000,2.08
50,34,2,1,66000,2.51
300,62,1,1,36000,4
1630,82,1,2,72000,3
825,56,2,1,72000,2.08
740,43,1,1,66000,2.31
7915,37,2,2,72000,2.15
0,25,2,1,66000,3.08
300,32,1,1,66000,3.08
0,20,2,1,78000,2.53
900,40,2,1,66000,2.15
10000,45,1,2,78000,2.54
500,65,2,1,66000,2.77
2025,51,2,2,78000,2.57
1460,49,2,2,78000,1.92
380,52,2,2,72000,2.65
200,32,2,1,66000,2.08
0,67,1,2,66000,2.54
4950,46,2,2,66000,2.71
700,28,1,1,66000,2.15
1005,52,1,1,72000,2.85
700,32,2,2,66000,2
1700,47,1,2,66000,2.08
950,52,2,2,78000,2.46
100,53,2,1,78000,1.31
0,33,2,1,66000,2.08
2550,39,2,1,66000,2.54
65,24,1,1,66000,2.36
80,42,2,1,6000,2.54
900,45,2,1,78000,3.08
2300,38,2,2,66000,2.31
0,25,1,2,72000,2
655,37,2,1,66000,2.23
6000,53,1,2,72000,1.77
2000,42,1,2,60000,2.46
0,45,1,1,66000,2.08
50,32,1,1,18000,1
400,47,2,2,60000,2.38
325,27,2,2,72000,2.85
2625,53,1,2,78000,2.54
370,48,1,2,66000,2.46
520,42,2,2,66000,2.23
2215,55,1,1,78000,2.23
950,64,1,1,78000,2.54
200,59,2,1,78000,2.73
500,35,2,1,66000,2.15
2500,56,1,1,66000,1.85
9000,48,1,2,60000,2.31
2728,38,2,1,72000,2.77
571,34,1,1,66000,1.85
550,30,2,2,72000,2.23
6375,40,1,2,78000,2.23
1400,39,2,1,72000,2.54
1230,47,2,2,72000,2.69
3700,62,1,2,72000,1.92
1000,54,2,1,66000,1.94
0,37,2,1,66000,3.31
0,79,1,1,66000,1.4
225,40,1,2,72000,2.38
500,28,2,1,66000,2.46
9030,43,1,2,72000,1.85
1130,35,2,2,42000,2.69
0,27,1,2,72000,2.54
0,31,1,1,66000,2.15
0,23,1,1,78000,2
840,50,2,2,66000,2.31
250,42,1,2,66000,2.54
100,56,2,1,66000,2.32
150,37,2,2,66000,3.08
2850,58,1,2,78000,2.92
1550,45,1,2,78000,2.31
3480,61,2,2,78000,1.95
6700,60,1,2,78000,2.29
150,33,2,2,72000,2
3000,51,1,2,66000,2.46
5400,64,2,1,72000,2.08
1730,30,2,2,66000,2.62
500,48,2,1,72000,2.31
5100,50,2,2,78000,2.15
1125,45,2,1,78000,1.92
650,57,1,2,72000,2.31
0,26,1,1,48000,2.46
0,28,2,1,66000,2.46
1650,47,2,2,72000,2.38
500,34,1,1,66000,2
3200,63,2,1,60000,2.31
2030,77,1,1,36000,2.85
0,26,1,1,42000,2
800,37,1,1,78000,2.23
1200,52,1,1,66000,2.85
0,43,2,1,60000,2.08
6000,29,1,2,66000,2.77
100,32,2,1,66000,2.31
6075,65,1,2,72000,2.15
8300,70,1,1,78000,2.54
1900,53,1,1,66000,1.77
600,38,2,2,78000,2.15
0,20,1,1,78000,2.08
500,52,1,1,66000,2.85
125,64,2,1,66000,2.15
2150,59,2,1,78000,1.92
1250,30,1,1,66000,2.31
6229,50,2,2,66000,2.69
3900,49,1,2,78000,2.4
850,24,1,2,66000,2.15
3350,68,1,2,72000,2.62
820,51,2,2,72000,2.15
260,31,1,2,72000,2.15
9270,40,2,1,66000,2.31
3000,43,1,2,72000,2.62
1300,30,2,2,78000,3.23
650,72,2,1,66000,3.46
6135,75,1,1,66000,1.77
60,75,2,1,66000,1.66
4500,59,1,2,66000,2.31
18560,59,2,1,72000,2.34
